{
    "command": 4011,
    "senduid": "用户ID",					//出牌用户UID
    "chupai": "牌号",						//出牌号
    "gonext": false,					//是否轮到下家操作(对客户端的作用就是是否立即显示下家的倒计时)，如果所出牌三家均不能吃碰杠胡，则gonext值为true，
    									//否则如果为false，则意味着此牌有玩家需要，要等待玩家做出选择，然后再决定谁来出牌
    "myaction": {						
        "hu": true,						//可以胡牌
        "peng": true,					//可以碰牌	
        "pengtings": [					//碰牌以后打出以下牌，可听牌
            3,
            5,
            6,
            9
        ],        
        "gang": true,					//可以杠牌
        "chi": true,					//可以吃牌
        "chitings": [					//吃牌以后打出以下牌，可听牌
            15,
            13
        ]
    }
}
